year,quarter,year_quarter,quote,n_days,rate_mean,rate_std,rate_min,rate_max
2013,Q1,2013-Q1,AED,90,0.97933,0.0,0.97933,0.97933
2013,Q1,2013-Q1,CNY,90,1.6605911111111111,0.002160557795458266,1.6573,1.6655
2013,Q1,2013-Q1,EUR,90,0.20217344444444443,0.003270448947331785,0.19617,0.20834
2013,Q1,2013-Q1,GBP,90,0.17175555555555555,0.004459649331483383,0.16418,0.17898
2013,Q1,2013-Q1,USD,90,0.26667,0.0,0.26667,0.26667
2013,Q2,2013-Q2,AED,91,0.9793300000000001,0.0,0.97933,0.97933
2013,Q2,2013-Q2,CNY,91,1.64209010989011,0.006868447260157696,1.6335,1.6576
2013,Q2,2013-Q2,EUR,91,0.20432769230769232,0.002072210884229207,0.19938,0.20814
2013,Q2,2013-Q2,GBP,91,0.1737020879120879,0.001855500241913525,0.17008,0.1769
2013,Q2,2013-Q2,USD,91,0.26667,0.0,0.26667,0.26667
2013,Q3,2013-Q3,AED,92,0.97933,0.0,0.97933,0.97933
2013,Q3,2013-Q3,CNY,92,1.6340858695652174,0.0019592879129051587,1.6312,1.6378
2013,Q3,2013-Q3,EUR,92,0.20148119565217393,0.0025389510001337036,0.19715,0.20804
2013,Q3,2013-Q3,GBP,92,0.17213847826086956,0.003483898894201266,0.16524,0.17911
2013,Q3,2013-Q3,USD,92,0.26667,0.0,0.26667,0.26667
2013,Q4,2013-Q4,AED,92,0.97933,0.0,0.97933,0.97933
2013,Q4,2013-Q4,CNY,92,1.624970652173913,0.004072921516539231,1.6165,1.6327
2013,Q4,2013-Q4,EUR,92,0.1959958695652174,0.001588630035405725,0.19335,0.19902
2013,Q4,2013-Q4,GBP,92,0.1647645652173913,0.0015533617659514308,0.16163,0.16738
2013,Q4,2013-Q4,USD,92,0.26667,0.0,0.26667,0.26667
2014,Q1,2014-Q1,AED,90,0.97933,0.0,0.97933,0.97933
2014,Q1,2014-Q1,CNY,90,1.626881111111111,0.014767188761578547,1.6122,1.6583
2014,Q1,2014-Q1,EUR,90,0.19472844444444443,0.0014837349706639206,0.19172,0.19736
2014,Q1,2014-Q1,GBP,90,0.161205,0.0011721403164076894,0.15942,0.16357
2014,Q1,2014-Q1,USD,90,0.26667,0.0,0.26667,0.26667
2014,Q2,2014-Q2,AED,91,0.9793300000000001,0.0,0.97933,0.97933
2014,Q2,2014-Q2,CNY,91,1.6606736263736264,0.003903355683535159,1.6524,1.668
2014,Q2,2014-Q2,EUR,91,0.19442153846153848,0.0015532803446447591,0.19156,0.19698
2014,Q2,2014-Q2,GBP,91,0.15854857142857143,0.0010329984096239843,0.15658,0.16087
2014,Q2,2014-Q2,USD,91,0.26667,0.0,0.26667,0.26667
2014,Q3,2014-Q3,AED,92,0.97933,0.0,0.97933,0.97933
2014,Q3,2014-Q3,CNY,92,1.6441163043478262,0.006941676606134563,1.6352,1.6554
2014,Q3,2014-Q3,EUR,92,0.20113010869565215,0.004291399908522718,0.19505,0.21055
2014,Q3,2014-Q3,GBP,92,0.15969728260869565,0.0031146936784318528,0.15561,0.16537
2014,Q3,2014-Q3,USD,92,0.26667,0.0,0.26667,0.26667
2014,Q4,2014-Q4,AED,92,0.97933,0.0,0.97933,0.97933
2014,Q4,2014-Q4,CNY,92,1.6394978260869564,0.008693043552817165,1.6306,1.6581
2014,Q4,2014-Q4,EUR,92,0.2134461956521739,0.002820274260839616,0.20839,0.2193
2014,Q4,2014-Q4,GBP,92,0.16843804347826086,0.002152889312921864,0.16456,0.17168
2014,Q4,2014-Q4,USD,92,0.26667,0.0,0.26667,0.26667
2015,Q1,2015-Q1,AED,90,0.97933,0.0,0.97933,0.97933
2015,Q1,2015-Q1,CNY,90,1.6617111111111111,0.006187182191487483,1.6512,1.6715
2015,Q1,2015-Q1,EUR,90,0.236455,0.008496189000257063,0.21934,0.25293
2015,Q1,2015-Q1,GBP,90,0.17588422222222222,0.002481666247865097,0.17128,0.18103
2015,Q1,2015-Q1,USD,90,0.26667,0.0,0.26667,0.26667
2015,Q2,2015-Q2,AED,91,0.9793300000000001,0.0,0.97933,0.97933
2015,Q2,2015-Q2,CNY,91,1.6529956043956042,0.001258033040363819,1.6504,1.6557
2015,Q2,2015-Q2,EUR,91,0.24135604395604396,0.004904191377251995,0.23416,0.25176
2015,Q2,2015-Q2,GBP,91,0.17414373626373628,0.0039045004370602764,0.16826,0.18208
2015,Q2,2015-Q2,USD,91,0.26667,0.0,0.26667,0.26667
2015,Q3,2015-Q3,AED,92,0.97933,0.0,0.97933,0.97933
2015,Q3,2015-Q3,CNY,92,1.6806304347826087,0.023915684030904,1.6529,1.7116
2015,Q3,2015-Q3,EUR,92,0.23998641304347826,0.0032098826042419037,0.23179,0.24578
2015,Q3,2015-Q3,GBP,92,0.17207369565217392,0.0015519825799062824,0.16933,0.1759
2015,Q3,2015-Q3,USD,92,0.26667,0.0,0.26667,0.26667
2015,Q4,2015-Q4,AED,92,0.97933,0.0,0.97933,0.97933
2015,Q4,2015-Q4,CNY,92,1.705004347826087,0.013705344373825841,1.6886,1.7329
2015,Q4,2015-Q4,EUR,92,0.2435920652173913,0.005212989806337127,0.23354,0.25198
2015,Q4,2015-Q4,GBP,92,0.17572489130434782,0.002028088741672647,0.17244,0.17983
2015,Q4,2015-Q4,USD,92,0.26667,0.0,0.26667,0.26667
2016,Q1,2016-Q1,AED,91,0.9793300000000001,0.0,0.97933,0.97933
2016,Q1,2016-Q1,CNY,91,1.7445186813186815,0.009643707356358642,1.7248,1.7583
2016,Q1,2016-Q1,EUR,91,0.2419335164835165,0.003385164815822218,0.23533,0.24811
2016,Q1,2016-Q1,GBP,91,0.18613494505494504,0.002655894230502059,0.17983,0.19181
2016,Q1,2016-Q1,USD,91,0.26667,0.0,0.26667,0.26667
2016,Q2,2016-Q2,AED,91,0.9793300000000001,0.0,0.97933,0.97933
2016,Q2,2016-Q2,CNY,91,1.7419351648351649,0.013589059109170139,1.7223,1.7727
2016,Q2,2016-Q2,EUR,91,0.23624087912087913,0.0020009218144265446,0.23181,0.24117
2016,Q2,2016-Q2,GBP,91,0.18581472527472528,0.003629649306800055,0.18059,0.20005
2016,Q2,2016-Q2,USD,91,0.26667,0.0,0.26667,0.26667
2016,Q3,2016-Q3,AED,92,0.97933,0.0,0.97933,0.97933
2016,Q3,2016-Q3,CNY,92,1.777666304347826,0.004460800627244556,1.7679,1.7862
2016,Q3,2016-Q3,EUR,92,0.23882728260869565,0.0018129049624211289,0.23544,0.24271
2016,Q3,2016-Q3,GBP,92,0.20277521739130436,0.0018677502940738404,0.1994,0.20623
2016,Q3,2016-Q3,USD,92,0.26667,0.0,0.26667,0.26667
2016,Q4,2016-Q4,AED,92,0.97933,0.0,0.97933,0.97933
2016,Q4,2016-Q4,CNY,92,1.8215130434782607,0.024722038116980437,1.7791,1.8554
2016,Q4,2016-Q4,EUR,92,0.2470538043478261,0.005708243093461157,0.2378,0.2563
2016,Q4,2016-Q4,GBP,92,0.2145741304347826,0.003147474882607639,0.20541,0.219
2016,Q4,2016-Q4,USD,92,0.26667,0.0,0.26667,0.26667
2017,Q1,2017-Q1,AED,90,0.97933,0.0,0.97933,0.97933
2017,Q1,2017-Q1,CNY,90,1.8366655555555556,0.005902354531348782,1.8254,1.8547
2017,Q1,2017-Q1,EUR,90,0.2502968888888889,0.0022122141252216678,0.24561,0.25564
2017,Q1,2017-Q1,GBP,90,0.2153606666666667,0.002338409523826751,0.21127,0.22048
2017,Q1,2017-Q1,USD,90,0.26667,0.0,0.26667,0.26667
2017,Q2,2017-Q2,AED,91,0.9793300000000001,0.0,0.97933,0.97933
2017,Q2,2017-Q2,CNY,91,1.8301901098901099,0.010956743787833827,1.8087,1.842
2017,Q2,2017-Q2,EUR,91,0.2426754945054945,0.005113133690960578,0.23398,0.25172
2017,Q2,2017-Q2,GBP,91,0.2087087912087912,0.002776140740574449,0.20516,0.21499
2017,Q2,2017-Q2,USD,91,0.26667,0.0,0.26667,0.26667
2017,Q3,2017-Q3,AED,92,0.97933,0.0,0.97933,0.97933
2017,Q3,2017-Q3,CNY,92,1.7796728260869563,0.024981628868759844,1.7261,1.8143
2017,Q3,2017-Q3,EUR,92,0.22729315217391302,0.003912204608614614,0.22172,0.23504
2017,Q3,2017-Q3,GBP,92,0.2039858695652174,0.0032487739537523817,0.19683,0.20821
2017,Q3,2017-Q3,USD,92,0.26667,0.0,0.26667,0.26667
2017,Q4,2017-Q4,AED,92,0.97933,0.0,0.97933,0.97933
2017,Q4,2017-Q4,CNY,92,1.7637391304347827,0.007836235311100111,1.7385,1.775
2017,Q4,2017-Q4,EUR,92,0.22646989130434783,0.0017399794709949934,0.22303,0.23024
2017,Q4,2017-Q4,GBP,92,0.20088358695652175,0.0018085532931969473,0.19779,0.20359
2017,Q4,2017-Q4,USD,92,0.26667,0.0,0.26667,0.26667
2018,Q1,2018-Q1,AED,90,0.97933,0.0,0.97933,0.97933
2018,Q1,2018-Q1,CNY,90,1.6964022222222221,0.018312928924472293,1.6725,1.7384
2018,Q1,2018-Q1,EUR,90,0.21707155555555555,0.0024009365733944805,0.21366,0.2231
2018,Q1,2018-Q1,GBP,90,0.1917961111111111,0.00279220049119349,0.18756,0.19789
2018,Q1,2018-Q1,USD,90,0.26667,0.0,0.26667,0.26667
2018,Q2,2018-Q2,AED,91,0.9793300000000001,0.0,0.97933,0.97933
2018,Q2,2018-Q2,CNY,91,1.6999945054945056,0.02118905043563442,1.6739,1.7652
2018,Q2,2018-Q2,EUR,91,0.22358505494505496,0.005024255472455837,0.21549,0.23056
2018,Q2,2018-Q2,GBP,91,0.19593637362637364,0.004962568223204935,0.18622,0.20322
2018,Q2,2018-Q2,USD,91,0.26667,0.0,0.26667,0.26667
2018,Q3,2018-Q3,AED,92,0.97933,0.0,0.97933,0.97933
2018,Q3,2018-Q3,CNY,92,1.8147358695652174,0.021074246465074636,1.7654,1.8405
2018,Q3,2018-Q3,EUR,92,0.22935206521739132,0.001900511520527051,0.22672,0.23484
2018,Q3,2018-Q3,GBP,92,0.20465923913043477,0.0024503093474563856,0.20056,0.20981
2018,Q3,2018-Q3,USD,92,0.26667,0.0,0.26667,0.26667
2018,Q4,2018-Q4,AED,92,0.97933,0.0,0.97933,0.97933
2018,Q4,2018-Q4,CNY,92,1.844120652173913,0.007719712715196195,1.8285,1.8583
2018,Q4,2018-Q4,EUR,92,0.23360891304347825,0.0015434458782764607,0.22978,0.23689
2018,Q4,2018-Q4,GBP,92,0.20723119565217393,0.002847105274628286,0.20185,0.21232
2018,Q4,2018-Q4,USD,92,0.26667,0.0,0.26667,0.26667
2019,Q1,2019-Q1,AED,90,0.97933,0.0,0.97933,0.97933
2019,Q1,2019-Q1,CNY,90,1.7999055555555556,0.01261958849300705,1.7829,1.8334
2019,Q1,2019-Q1,EUR,90,0.23474433333333333,0.0014654324437485973,0.23133,0.23741
2019,Q1,2019-Q1,GBP,90,0.20494022222222222,0.002794472464447765,0.2007,0.21169
2019,Q1,2019-Q1,USD,90,0.26667,0.0,0.26667,0.26667
2019,Q2,2019-Q2,AED,91,0.9793300000000001,0.0,0.97933,0.97933
2019,Q2,2019-Q2,CNY,91,1.8193296703296704,0.023323181098571615,1.786,1.8464
2019,Q2,2019-Q2,EUR,91,0.23732923076923076,0.0013321613438896358,0.23423,0.23943
2019,Q2,2019-Q2,GBP,91,0.20748582417582417,0.0029251492140227684,0.20291,0.21242
2019,Q2,2019-Q2,USD,91,0.26667,0.0,0.26667,0.26667
2019,Q3,2019-Q3,AED,92,0.97933,0.0,0.97933,0.97933
2019,Q3,2019-Q3,CNY,92,1.869879347826087,0.028789358298134084,1.8276,1.9124
2019,Q3,2019-Q3,EUR,92,0.23977923913043478,0.0021357224547507527,0.23501,0.24397
2019,Q3,2019-Q3,GBP,92,0.21626184782608696,0.002920696864515529,0.21042,0.22115
2019,Q3,2019-Q3,USD,92,0.26667,0.0,0.26667,0.26667
2019,Q4,2019-Q4,AED,92,0.97933,0.0,0.97933,0.97933
2019,Q4,2019-Q4,CNY,92,1.8777510869565217,0.011929274128090141,1.8598,1.9039
2019,Q4,2019-Q4,EUR,92,0.24084815217391303,0.0013481529320655556,0.23793,0.24448
2019,Q4,2019-Q4,GBP,92,0.207285,0.004271580632377331,0.19959,0.21809
2019,Q4,2019-Q4,USD,92,0.26667,0.0,0.26667,0.26667
2020,Q1,2020-Q1,AED,91,0.9793300000000001,0.0,0.97933,0.97933
2020,Q1,2020-Q1,CNY,91,1.8609043956043956,0.0160894576394187,1.8296,1.8926
2020,Q1,2020-Q1,EUR,91,0.24181527472527473,0.003284898896011988,0.23437,0.24864
2020,Q1,2020-Q1,GBP,91,0.20835120879120878,0.007227786327033695,0.20227,0.22897
2020,Q1,2020-Q1,USD,91,0.26667,0.0,0.26667,0.26667
2020,Q2,2020-Q2,AED,91,0.9793300000000001,0.0,0.97933,0.97933
2020,Q2,2020-Q2,CNY,91,1.8909021978021978,0.006300740309624697,1.8803,1.9091
2020,Q2,2020-Q2,EUR,91,0.2424143956043956,0.004077387837217808,0.23499,0.24736
2020,Q2,2020-Q2,GBP,91,0.21497802197802196,0.0022581512693057326,0.20936,0.21968
2020,Q2,2020-Q2,USD,91,0.26667,0.0,0.26667,0.26667
2020,Q3,2020-Q3,AED,92,0.97933,0.0,0.97933,0.97933
2020,Q3,2020-Q3,CNY,92,1.8463445652173913,0.02335302584875076,1.8043,1.8866
2020,Q3,2020-Q3,EUR,92,0.2283954347826087,0.004256490948363718,0.22311,0.23769
2020,Q3,2020-Q3,GBP,92,0.20663869565217394,0.004143963759809949,0.19911,0.21556
2020,Q3,2020-Q3,USD,92,0.26667,0.0,0.26667,0.26667
2020,Q4,2020-Q4,AED,92,0.97933,0.0,0.97933,0.97933
2020,Q4,2020-Q4,CNY,92,1.7670923913043477,0.02274702363670247,1.7408,1.8136
2020,Q4,2020-Q4,EUR,92,0.22376380434782608,0.0034378382047064206,0.21747,0.22874
2020,Q4,2020-Q4,GBP,92,0.20210815217391304,0.003251375340215601,0.19595,0.207
2020,Q4,2020-Q4,USD,92,0.26667,0.0,0.26667,0.26667
2021,Q1,2021-Q1,AED,90,0.97933,0.0,0.97933,0.97933
2021,Q1,2021-Q1,CNY,90,1.7288877777777776,0.007441952561498065,1.7188,1.7516
2021,Q1,2021-Q1,EUR,90,0.22113022222222223,0.002485858872117407,0.21685,0.22725
2021,Q1,2021-Q1,GBP,90,0.19346811111111112,0.0020619396859303577,0.18863,0.19729
2021,Q1,2021-Q1,USD,90,0.26667,0.0,0.26667,0.26667
2021,Q2,2021-Q2,AED,91,0.9793300000000001,0.0,0.97933,0.97933
2021,Q2,2021-Q2,CNY,91,1.723523076923077,0.014535069291759099,1.6997,1.7511
2021,Q2,2021-Q2,EUR,91,0.22142296703296704,0.002424496050502287,0.21796,0.22724
2021,Q2,2021-Q2,GBP,91,0.19083274725274726,0.00199731100673662,0.18795,0.19431
2021,Q2,2021-Q2,USD,91,0.26667,0.0,0.26667,0.26667
2021,Q3,2021-Q3,AED,92,0.97933,0.0,0.97933,0.97933
2021,Q3,2021-Q3,CNY,92,1.7254684782608696,0.0035918384085823446,1.7167,1.7342
2021,Q3,2021-Q3,EUR,92,0.22624673913043478,0.0011278571617687676,0.22452,0.22971
2021,Q3,2021-Q3,GBP,92,0.19340717391304346,0.0012582154867828341,0.19109,0.19801
2021,Q3,2021-Q3,USD,92,0.26667,0.0,0.26667,0.26667
2021,Q4,2021-Q4,AED,92,0.97933,0.0,0.97933,0.97933
2021,Q4,2021-Q4,CNY,92,1.7051358695652175,0.007228265360006423,1.6949,1.7207
2021,Q4,2021-Q4,EUR,92,0.2332004347826087,0.002993879071839537,0.22923,0.23773
2021,Q4,2021-Q4,GBP,92,0.1978580434782609,0.0026618353740471196,0.1933,0.20192
2021,Q4,2021-Q4,USD,92,0.26667,0.0,0.26667,0.26667
2022,Q1,2022-Q1,AED,90,0.97933,0.0,0.97933,0.97933
2022,Q1,2022-Q1,CNY,90,1.6929822222222224,0.005109268462287495,1.6825,1.7003
2022,Q1,2022-Q1,EUR,90,0.2376663333333333,0.0034106272941096284,0.233,0.2445
2022,Q1,2022-Q1,GBP,90,0.19874122222222224,0.0028581241698511653,0.19447,0.20423
2022,Q1,2022-Q1,USD,90,0.26667,0.0,0.26667,0.26667
2022,Q2,2022-Q2,AED,91,0.9793300000000001,0.0,0.97933,0.97933
2022,Q2,2022-Q2,CNY,91,1.761789010989011,0.038059848924057706,1.6943,1.8109
2022,Q2,2022-Q2,EUR,91,0.2501225274725275,0.003952491645477606,0.24081,0.25625
2022,Q2,2022-Q2,GBP,91,0.21196142857142858,0.005251290544328352,0.20317,0.22072
2022,Q2,2022-Q2,USD,91,0.26667,0.0,0.26667,0.26667
2022,Q3,2022-Q3,AED,92,0.97933,0.0,0.97933,0.97933
2022,Q3,2022-Q3,CNY,92,1.825553260869565,0.03529121688536503,1.7865,1.9211
2022,Q3,2022-Q3,EUR,92,0.26437347826086954,0.004474315328501343,0.25526,0.27771
2022,Q3,2022-Q3,GBP,92,0.22629380434782612,0.0070759525965139675,0.21829,0.24877
2022,Q3,2022-Q3,USD,92,0.26667,0.0,0.26667,0.26667
2022,Q4,2022-Q4,AED,92,0.97933,0.0,0.97933,0.97933
2022,Q4,2022-Q4,CNY,92,1.8980391304347826,0.028661782788970847,1.8523,1.9474
2022,Q4,2022-Q4,EUR,92,0.2616695652173913,0.008724639343664508,0.25015,0.27449
2022,Q4,2022-Q4,GBP,92,0.22772847826086956,0.00814189584731546,0.21587,0.2414
2022,Q4,2022-Q4,USD,92,0.26667,0.0,0.26667,0.26667
2023,Q1,2023-Q1,AED,90,0.97933,0.0,0.97933,0.97933
2023,Q1,2023-Q1,CNY,90,1.8253977777777777,0.018035582668637414,1.7923,1.8557
2023,Q1,2023-Q1,EUR,90,0.2486337777777778,0.0025338994143803925,0.24327,0.25287
2023,Q1,2023-Q1,GBP,90,0.21957355555555555,0.0025590721242919894,0.21531,0.22424
2023,Q1,2023-Q1,USD,90,0.26667,0.0,0.26667,0.26667
2023,Q2,2023-Q2,AED,91,0.9793300000000001,0.0,0.97933,0.97933
2023,Q2,2023-Q2,CNY,91,1.8676010989010987,0.03143041872137954,1.8284,1.9329
2023,Q2,2023-Q2,EUR,91,0.24482252747252745,0.002329420811850313,0.24124,0.2494
2023,Q2,2023-Q2,GBP,91,0.21300758241758244,0.002015860081486773,0.20826,0.21589
2023,Q2,2023-Q2,USD,91,0.26667,0.0,0.26667,0.26667
2023,Q3,2023-Q3,AED,92,0.97933,0.0,0.97933,0.97933
2023,Q3,2023-Q3,CNY,92,1.9306434782608697,0.014795643139134305,1.9043,1.9552
2023,Q3,2023-Q3,EUR,92,0.2449336956521739,0.0038582045352760926,0.23725,0.25299
2023,Q3,2023-Q3,GBP,92,0.21053315217391305,0.003680618058868673,0.20361,0.21912
2023,Q3,2023-Q3,USD,92,0.26667,0.0,0.26667,0.26667
2023,Q4,2023-Q4,AED,92,0.97933,0.0,0.97933,0.97933
2023,Q4,2023-Q4,CNY,92,1.9255673913043478,0.021030836118547398,1.894,1.9499
2023,Q4,2023-Q4,EUR,92,0.24786184782608697,0.004035021665954296,0.24025,0.25407
2023,Q4,2023-Q4,GBP,92,0.21486097826086956,0.003888539955887437,0.20878,0.22028
2023,Q4,2023-Q4,USD,92,0.26667,0.0,0.26667,0.26667
2024,Q1,2024-Q1,AED,91,0.9793300000000001,0.0,0.97933,0.97933
2024,Q1,2024-Q1,CNY,91,1.9162175824175824,0.005717120359189996,1.8937,1.9266
2024,Q1,2024-Q1,EUR,91,0.24547901098901098,0.0014967053112642798,0.24089,0.24848
2024,Q1,2024-Q1,GBP,91,0.21018296703296704,0.0009827619746922921,0.20783,0.21215
2024,Q1,2024-Q1,USD,91,0.26667,0.0,0.26667,0.26667
2024,Q2,2024-Q2,AED,91,0.9793300000000001,0.0,0.97933,0.97933
2024,Q2,2024-Q2,CNY,91,1.930467032967033,0.0033251250584688916,1.9239,1.9378
2024,Q2,2024-Q2,EUR,91,0.24756131868131867,0.0016206399345054417,0.24498,0.25071
2024,Q2,2024-Q2,GBP,91,0.21121406593406591,0.00181133344253586,0.20859,0.2154
2024,Q2,2024-Q2,USD,91,0.26667,0.0,0.26667,0.26667
2024,Q3,2024-Q3,AED,92,0.97933,0.0,0.97933,0.97933
2024,Q3,2024-Q3,CNY,92,1.910186956521739,0.021794062188573333,1.8687,1.9391
2024,Q3,2024-Q3,EUR,92,0.24275152173913045,0.002863625971180405,0.23863,0.2483
2024,Q3,2024-Q3,GBP,92,0.20517326086956522,0.0031975313653345295,0.19916,0.21065
2024,Q3,2024-Q3,USD,92,0.26667,0.0,0.26667,0.26667
2024,Q4,2024-Q4,AED,92,0.97933,0.0,0.97933,0.97933
2024,Q4,2024-Q4,CNY,92,1.9164978260869565,0.023699974397263707,1.8712,1.9457
2024,Q4,2024-Q4,EUR,92,0.24970228260869565,0.004799847319746895,0.23967,0.25643
2024,Q4,2024-Q4,GBP,92,0.20787532608695652,0.0033341204587054125,0.19969,0.21243
2024,Q4,2024-Q4,USD,92,0.26667,0.0,0.26667,0.26667
2025,Q1,2025-Q1,AED,90,0.97933,0.0,0.97933,0.97933
2025,Q1,2025-Q1,CNY,90,1.939638888888889,0.007859535029910917,1.9271,1.9545
2025,Q1,2025-Q1,EUR,90,0.253508,0.005079103964150773,0.2444,0.26028
2025,Q1,2025-Q1,GBP,90,0.2117396666666667,0.0042013894036792634,0.20542,0.21872
2025,Q1,2025-Q1,USD,90,0.26667,0.0,0.26667,0.26667
2025,Q2,2025-Q2,AED,91,0.9793300000000001,0.0,0.97933,0.97933
2025,Q2,2025-Q2,CNY,91,1.9278340659340658,0.013938613192456808,1.9107,1.9584
2025,Q2,2025-Q2,EUR,91,0.23516373626373624,0.0038356959815662637,0.2275,0.24678
2025,Q2,2025-Q2,GBP,91,0.19966582417582418,0.003175214801459753,0.19425,0.20828
2025,Q2,2025-Q2,USD,91,0.26667,0.0,0.26667,0.26667
2025,Q3,2025-Q3,AED,92,0.97933,0.0,0.97933,0.97933
2025,Q3,2025-Q3,CNY,92,1.908142391304348,0.006917571728173787,1.8949,1.9209
2025,Q3,2025-Q3,EUR,92,0.2282283695652174,0.0015008761376616084,0.22522,0.23284
2025,Q3,2025-Q3,GBP,92,0.19768195652173914,0.0015031521744744915,0.19407,0.20163
2025,Q3,2025-Q3,USD,92,0.26667,0.0,0.26667,0.26667
2025,Q4,2025-Q4,AED,92,0.97933,0.0,0.97933,0.97933
2025,Q4,2025-Q4,CNY,92,1.8899934782608696,0.00995291999064537,1.8645,1.9024
2025,Q4,2025-Q4,EUR,92,0.22898478260869568,0.0015198101951048935,0.22616,0.23184
2025,Q4,2025-Q4,GBP,92,0.20036565217391306,0.0019794151119408463,0.19729,0.2042
2025,Q4,2025-Q4,USD,92,0.26667,0.0,0.26667,0.26667
2026,Q1,2026-Q1,AED,90,0.97933,0.0,0.97933,0.97933
2026,Q1,2026-Q1,CNY,90,1.845981111111111,0.010592226261675452,1.8261,1.8644
2026,Q1,2026-Q1,EUR,90,0.22781677777777776,0.0025667567205370162,0.22283,0.23249
2026,Q1,2026-Q1,GBP,90,0.19777266666666668,0.001927923025177947,0.19306,0.2015
2026,Q1,2026-Q1,USD,90,0.26667,0.0,0.26667,0.26667
